{"background":{"backgroundImage":{"path":"Bg_Christmas 4.png","type":"file"},"blurValue":0.0,"canModifyValue":false,"isBlur":false,"type":"blur"},"frameWidth":0.0,"height":1480.0,"items":[{"sticker":{"itemAttrs":{"canModify":false,"itemId":"Fixed_05","shape":{"figma":{"height":602.0,"left":436.0,"rotation":-0.0,"top":128.0,"width":602.0}},"textAngle":0.0},"sticker":{"path":"Fixed_05.png","type":"file"}}},{"sticker":{"itemAttrs":{"canModify":false,"itemId":"Fixed_04","shape":{"figma":{"height":602.0,"left":100.0,"rotation":-0.0,"top":764.0,"width":602.0}},"textAngle":0.0},"sticker":{"path":"Fixed_04.png","type":"file"}}},{"sticker":{"itemAttrs":{"canModify":true,"itemId":"Replace_Image02","shape":{"figma":{"height":460.0,"left":475.0,"rotation":-0.0,"top":169.0,"width":522.0}},"textAngle":0.0},"sticker":{"path":"Replace_Image02.png","type":"file"}}},{"sticker":{"itemAttrs":{"canModify":true,"itemId":"Replace_Image01","shape":{"figma":{"height":460.0,"left":138.0,"rotation":-0.0,"top":805.0,"width":522.0}},"textAngle":0.0},"sticker":{"path":"Replace_Image01.png","type":"file"}}},{"sticker":{"itemAttrs":{"canModify":false,"itemId":"Fixed_03","shape":{"figma":{"height":496.0,"left":597.0,"rotation":-0.0,"top":984.0,"width":483.0}},"textAngle":0.0},"sticker":{"path":"Fixed_03.png","type":"file"}}},{"sticker":{"itemAttrs":{"canModify":false,"itemId":"Fixed_02","shape":{"figma":{"height":246.0,"left":2.0,"rotation":-0.0,"top":206.0,"width":436.0}},"textAngle":0.0},"sticker":{"path":"Fixed_02.png","type":"file"}}},{"sticker":{"itemAttrs":{"canModify":false,"itemId":"Fixed_01","shape":{"figma":{"height":279.0,"left":57.0,"rotation":-0.0,"top":451.0,"width":342.0}},"textAngle":0.0},"sticker":{"path":"Fixed_01.png","type":"file"}}}],"width":1080.0}