{"background":{"backgroundImage":{"path":"Bg_Halloween 5 .png","type":"file"},"blurValue":0.0,"canModifyValue":false,"isBlur":false,"type":"blur"},"frameWidth":0.0,"height":1480.0,"items":[{"sticker":{"itemAttrs":{"canModify":true,"itemID":"Replace_Image 1","shape":{"figma":{"height":592.0,"left":412.0,"rotation":-0.0,"top":311.0,"width":611.0}},"textAngle":0.0},"sticker":{"path":"Replace_Image 1.png","type":"file"}}},{"sticker":{"itemAttrs":{"canModify":true,"itemID":"Replace_Image 1","shape":{"figma":{"height":688.0,"left":60.0,"rotation":-0.0,"top":716.0,"width":688.0}},"textAngle":0.0},"sticker":{"path":"Replace_Image 1.png","type":"file"}}},{"sticker":{"itemAttrs":{"canModify":false,"itemID":"Element_1","shape":{"figma":{"height":688.0,"left":60.0,"rotation":0.0,"top":716.0,"width":688.0}},"textAngle":0.0},"sticker":{"path":"Element_1.png","type":"file"}}},{"sticker":{"itemAttrs":{"canModify":false,"itemID":"Fixed_ 2","shape":{"figma":{"height":351.0,"left":634.0,"rotation":-0.0,"top":1129.0,"width":446.0}},"textAngle":0.0},"sticker":{"path":"Fixed_ 2.png","type":"file"}}},{"sticker":{"itemAttrs":{"canModify":false,"itemID":"Fixed_ 1","shape":{"figma":{"height":480.0,"left":0.0,"rotation":-0.0,"top":0.0,"width":742.0}},"textAngle":0.0},"sticker":{"path":"Fixed_ 1.png","type":"file"}}}],"width":1080.0}