{"background":{"backgroundImage":{"path":"null","type":"file"},"blurValue":0.0,"canModifyValue":false,"isBlur":false,"type":"blur"},"frameWidth":0.0,"height":1480.0,"items":[{"sticker":{"itemAttrs":{"canModify":true,"itemID":"1_photo 2","shape":{"figma":{"height":1480.0,"left":540.0,"rotation":0.0,"top":0.0,"width":540.0}},"textAngle":0.0},"sticker":{"path":"1_photo 2.png","type":"file"}}},{"sticker":{"itemAttrs":{"canModify":true,"itemID":"1_photo 1","shape":{"figma":{"height":919.0,"left":134.0,"rotation":0.0,"top":129.0,"width":406.0}},"textAngle":0.0},"sticker":{"path":"1_photo 1.png","type":"file"}}},{"sticker":{"itemAttrs":{"canModify":false,"itemID":"Frame 1","shape":{"figma":{"height":1481.0,"left":0.0,"rotation":0.0,"top":0.0,"width":846.0}},"textAngle":0.0},"sticker":{"path":"Frame 1.png","type":"file"}}}],"width":1080.0}