{"background":{"backgroundImage":{"path":"Bg_Christmas 10.png","type":"file"},"blurValue":0.0,"canModifyValue":false,"isBlur":false,"type":"blur"},"frameWidth":0.0,"height":1480.0,"items":[{"sticker":{"itemAttrs":{"canModify":true,"itemId":"Replace_Image01","shape":{"figma":{"height":574.0,"left":351.0,"rotation":-0.0,"top":575.0,"width":574.0}},"textAngle":0.0},"sticker":{"path":"Replace_Image01.png","type":"file"}}},{"sticker":{"itemAttrs":{"canModify":false,"itemId":"Fixed_01","shape":{"figma":{"height":674.0,"left":286.0,"rotation":-0.0,"top":504.0,"width":677.0}},"textAngle":0.0},"sticker":{"path":"Fixed_01.png","type":"file"}}}],"width":1080.0}