{"background":{"backgroundImage":{"path":"Bg_Retro 4.png","type":"file"},"blurValue":0.0,"canModifyValue":false,"isBlur":false,"type":"blur"},"frameWidth":0.0,"height":1480.0,"items":[{"sticker":{"itemAttrs":{"canModify":true,"itemID":"1_photo 1","shape":{"figma":{"height":575.0,"left":540.0,"rotation":0.0,"top":165.0,"width":510.0}},"textAngle":0.0},"sticker":{"path":"1_photo 1.png","type":"file"}}},{"sticker":{"itemAttrs":{"canModify":true,"itemID":"1_photo 2","shape":{"figma":{"height":575.0,"left":30.0,"rotation":0.0,"top":740.0,"width":510.0}},"textAngle":0.0},"sticker":{"path":"1_photo 2.png","type":"file"}}},{"sticker":{"itemAttrs":{"canModify":false,"itemID":"Frame 1","shape":{"figma":{"height":719.0,"left":30.0,"rotation":0.0,"top":21.0,"width":510.0}},"textAngle":0.0},"sticker":{"path":"Frame 1.png","type":"file"}}},{"sticker":{"itemAttrs":{"canModify":false,"itemID":"Frame 2","shape":{"figma":{"height":719.0,"left":540.0,"rotation":0.0,"top":740.0,"width":510.0}},"textAngle":0.0},"sticker":{"path":"Frame 2.png","type":"file"}}}],"width":1080.0}