{"background":{"backgroundImage":{"path":"Bg_Christmas 17.png","type":"file"},"blurValue":0.0,"canModifyValue":false,"isBlur":false,"type":"blur"},"frameWidth":0.0,"height":1480.0,"items":[{"sticker":{"itemAttrs":{"canModify":true,"itemId":"Replace_Image 2","shape":{"figma":{"height":609.9081949003977,"left":99.00000000000009,"rotation":15.000000120055857,"top":266.607421875,"width":512.3521659425015}},"textAngle":0.0},"sticker":{"path":"Replace_Image 2.png","type":"file"}}},{"sticker":{"itemAttrs":{"canModify":false,"itemId":"Fixed_ 2","shape":{"figma":{"height":790.0864761621026,"left":10.0,"rotation":15.000000120055857,"top":217.62109375000006,"width":598.346000232095}},"textAngle":0.0},"sticker":{"path":"Fixed_ 2.png","type":"file"}}},{"sticker":{"itemAttrs":{"canModify":true,"itemId":"Replace_Image 1","shape":{"figma":{"height":609.9081911585191,"left":497.865234375,"rotation":-10.920445079212833,"top":304.98437499999994,"width":526.0819598930448}},"textAngle":0.0},"sticker":{"path":"Replace_Image 1.png","type":"file"}}},{"sticker":{"itemAttrs":{"canModify":false,"itemId":"Fixed_ 1","shape":{"figma":{"height":757.3267673677091,"left":399.47265625,"rotation":-10.920445079212833,"top":286.00000000000006,"width":683.1357287842849}},"textAngle":0.0},"sticker":{"path":"Fixed_ 1.png","type":"file"}}}],"width":1080.0}