{"background":{"backgroundImage":{"path":"Bg_Christmas 2.png","type":"file"},"blurValue":0.0,"canModifyValue":false,"isBlur":false,"type":"blur"},"frameWidth":0.0,"height":1480.0,"items":[{"sticker":{"itemAttrs":{"canModify":true,"itemId":"Replace_Image 1","shape":{"figma":{"height":636.0,"left":162.0,"rotation":-0.0,"top":474.0,"width":756.0}},"textAngle":0.0},"sticker":{"path":"Replace_Image 1.png","type":"file"}}},{"sticker":{"itemAttrs":{"canModify":false,"itemId":"Fixed_02","shape":{"figma":{"height":370.0,"left":215.0,"rotation":-0.0,"top":83.0,"width":651.0}},"textAngle":0.0},"sticker":{"path":"Fixed_02.png","type":"file"}}},{"sticker":{"itemAttrs":{"canModify":false,"itemId":"Fixed_03","shape":{"figma":{"height":800.0,"left":140.0,"rotation":-0.0,"top":453.0,"width":800.0}},"textAngle":0.0},"sticker":{"path":"Fixed_03.png","type":"file"}}},{"sticker":{"itemAttrs":{"canModify":false,"itemId":"Fixed_01","shape":{"figma":{"height":554.0,"left":512.0,"rotation":-0.0,"top":926.0,"width":568.0}},"textAngle":0.0},"sticker":{"path":"Fixed_01.png","type":"file"}}}],"width":1080.0}