{"background":{"backgroundImage":{"path":"Bg_Retro 5.png","type":"file"},"blurValue":0.0,"canModifyValue":false,"isBlur":false,"type":"blur"},"frameWidth":0.0,"height":1480.0,"items":[{"sticker":{"itemAttrs":{"canModify":true,"itemID":"1_photo 3","shape":{"figma":{"height":331.23462846410257,"left":756.0,"rotation":0.0,"top":303.9999888866678,"width":259.3367790137345}},"textAngle":0.0},"sticker":{"path":"1_photo 3.png","type":"file"}}},{"sticker":{"itemAttrs":{"canModify":true,"itemID":"1_photo 2","shape":{"figma":{"height":362.34046138561007,"left":759.0000291682145,"rotation":0.0,"top":734.0,"width":320.71813374752037}},"textAngle":0.0},"sticker":{"path":"1_photo 2.png","type":"file"}}},{"sticker":{"itemAttrs":{"canModify":true,"itemID":"1_photo 1","shape":{"figma":{"height":435.92825309778254,"left":1.9998622144275942,"rotation":0.0,"top":584.240234375,"width":355.02875667426724}},"textAngle":0.0},"sticker":{"path":"1_photo 1.png","type":"file"}}},{"sticker":{"itemAttrs":{"canModify":false,"itemID":"element 2","shape":{"figma":{"height":1113.0,"left":0.0,"rotation":0.0,"top":367.0,"width":1080.0}},"textAngle":0.0},"sticker":{"path":"element 2.png","type":"file"}}},{"sticker":{"itemAttrs":{"canModify":false,"itemID":"element 1","shape":{"figma":{"height":1092.0,"left":40.0,"rotation":0.0,"top":388.0,"width":1040.0}},"textAngle":0.0},"sticker":{"path":"element 1.png","type":"file"}}},{"text":{"itemAttrs":{"canModify":true,"itemID":"57:1185","shape":{"figma":{"height":151.0,"left":0.0,"rotation":0.0,"top":58.0,"width":1080.0}},"textAngle":0.0},"textAttrs":{"alignment":0.0,"backgroundAlpha":255.0,"backgroundBorder":0.0,"backgroundColor":0.0,"fontFamily":"Rubik One","fontIndex":26.0,"gravity":0.0,"isAutoFill":false,"isBold":false,"isRTL":false,"isShowBackground":false,"isStrike":false,"isStroke":false,"isUnderline":false,"letterSpacing":0.0,"lineSpacingMultiplier":1.0,"paddingHeight":0.0,"paddingWidth":0.0,"skewX":0.0,"strokeWidth":1.0,"text":"Fashion","textAlpha":255.0,"textColor":-14678784,"textShaderIndex":-1.0,"textShadowIndex":0.0,"textSize":176.0,"textStyle":0.0}}},{"text":{"itemAttrs":{"canModify":true,"itemID":"57:1186","shape":{"figma":{"height":193.0,"left":38.0,"rotation":0.0,"top":250.0,"width":1004.0}},"textAngle":0.0},"textAttrs":{"alignment":0.0,"backgroundAlpha":255.0,"backgroundBorder":0.0,"backgroundColor":0.0,"fontFamily":"Rubik One","fontIndex":26.0,"gravity":0.0,"isAutoFill":false,"isBold":false,"isRTL":false,"isShowBackground":false,"isStrike":false,"isStroke":false,"isUnderline":false,"letterSpacing":0.0,"lineSpacingMultiplier":1.0,"paddingHeight":0.0,"paddingWidth":0.0,"skewX":0.0,"strokeWidth":1.0,"text":"Queen","textAlpha":255.0,"textColor":-14678784,"textShaderIndex":-1.0,"textShadowIndex":0.0,"textSize":100.0,"textStyle":0.0}}}],"width":1080.0}