{"background":{"backgroundImage":{"path":"Bg_Christmas 4.png","type":"file"},"blurValue":0.0,"canModifyValue":false,"isBlur":false,"type":"blur"},"frameWidth":0.0,"height":1480.0,"items":[{"sticker":{"itemAttrs":{"canModify":false,"itemId":"Fixed_04","shape":{"figma":{"height":623.0000165407371,"left":31.391357421875057,"rotation":12.00000021511704,"top":199.92065429687506,"width":623.0000165407371}},"textAngle":0.0},"sticker":{"path":"Fixed_04.png","type":"file"}}},{"sticker":{"itemAttrs":{"canModify":false,"itemId":"Fixed_03","shape":{"figma":{"height":622.9999932935369,"left":437.95263671875006,"rotation":-6.999999910278043,"top":756.02783203125,"width":622.9999932935369}},"textAngle":0.0},"sticker":{"path":"Fixed_03.png","type":"file"}}},{"sticker":{"itemAttrs":{"canModify":true,"itemId":"Replace_Image02","shape":{"figma":{"height":477.0000126644166,"left":78.82128906250006,"rotation":12.00000021511704,"top":232.80322265625006,"width":540.0000143370754}},"textAngle":0.0},"sticker":{"path":"Replace_Image02.png","type":"file"}}},{"sticker":{"itemAttrs":{"canModify":true,"itemId":"Replace_Image01","shape":{"figma":{"height":476.999994865196,"left":472.42626953124994,"rotation":-6.999999910278043,"top":801.580078125,"width":539.9999941870145}},"textAngle":0.0},"sticker":{"path":"Replace_Image01.png","type":"file"}}},{"sticker":{"itemAttrs":{"canModify":false,"itemId":"Fixed_02","shape":{"figma":{"height":559.0,"left":589.0,"rotation":-0.0,"top":181.0,"width":491.0}},"textAngle":0.0},"sticker":{"path":"Fixed_02.png","type":"file"}}},{"sticker":{"itemAttrs":{"canModify":false,"itemId":"Fixed_01","shape":{"figma":{"height":636.0,"left":0.0,"rotation":-0.0,"top":844.0,"width":536.0}},"textAngle":0.0},"sticker":{"path":"Fixed_01.png","type":"file"}}}],"width":1080.0}