{"background":{"backgroundImage":{"path":"Bg_Christmas 13.png","type":"file"},"blurValue":0.0,"canModifyValue":false,"isBlur":false,"type":"blur"},"frameWidth":0.0,"height":1480.0,"items":[{"sticker":{"itemAttrs":{"canModify":true,"itemId":"Replace_Image 1","shape":{"figma":{"height":918.0,"left":84.0,"rotation":-0.0,"top":187.0,"width":912.0}},"textAngle":0.0},"sticker":{"path":"Replace_Image 1.png","type":"file"}}},{"sticker":{"itemAttrs":{"canModify":false,"itemId":"Fixed_ 2","shape":{"figma":{"height":945.0,"left":67.0,"rotation":-0.0,"top":173.0,"width":945.0}},"textAngle":0.0},"sticker":{"path":"Fixed_ 2.png","type":"file"}}},{"sticker":{"itemAttrs":{"canModify":false,"itemId":"Fixed_ 1","shape":{"figma":{"height":697.0,"left":193.0,"rotation":-0.0,"top":694.0,"width":697.0}},"textAngle":0.0},"sticker":{"path":"Fixed_ 1.png","type":"file"}}}],"width":1080.0}