{"background":{"backgroundImage":{"path":"Bg_Christmas 1.png","type":"file"},"blurValue":0.0,"canModifyValue":false,"isBlur":false,"type":"blur"},"frameWidth":0.0,"height":1480.0,"items":[{"sticker":{"itemAttrs":{"canModify":true,"itemId":"Replace_Image 03","shape":{"figma":{"height":436.0,"left":94.0,"rotation":-0.0,"top":945.0,"width":892.0}},"textAngle":0.0},"sticker":{"path":"Replace_Image 03.png","type":"file"}}},{"sticker":{"itemAttrs":{"canModify":true,"itemId":"Replace_Image 02","shape":{"figma":{"height":437.0,"left":555.0,"rotation":-0.0,"top":488.0,"width":437.0}},"textAngle":0.0},"sticker":{"path":"Replace_Image 02.png","type":"file"}}},{"sticker":{"itemAttrs":{"canModify":true,"itemId":"Replace_Image 01","shape":{"figma":{"height":437.0,"left":98.0,"rotation":-0.0,"top":488.0,"width":437.0}},"textAngle":0.0},"sticker":{"path":"Replace_Image 01.png","type":"file"}}},{"sticker":{"itemAttrs":{"canModify":false,"itemId":"Fixed_ 1","shape":{"figma":{"height":467.0,"left":232.0,"rotation":-0.0,"top":10.0,"width":616.0}},"textAngle":0.0},"sticker":{"path":"Fixed_ 1.png","type":"file"}}}],"width":1080.0}