{"background":{"backgroundImage":{"path":"Bg_Gourmet food 7.png","type":"file"},"blurValue":0.0,"canModifyValue":false,"isBlur":false,"type":"blur"},"frameWidth":0.0,"height":1480.0,"items":[{"sticker":{"itemAttrs":{"canModify":true,"itemID":"Replace_Image 01","shape":{"figma":{"height":980.0,"left":0.0,"rotation":-0.0,"top":0.0,"width":1026.0}},"textAngle":0.0},"sticker":{"path":"Replace_Image 01.png","type":"file"}}},{"text":{"itemAttrs":{"canModify":true,"itemID":"461:175","shape":{"figma":{"height":141.0,"left":46.999999999999986,"rotation":9.213866198408551E-15,"top":1100.0,"width":777.0}},"textAngle":-9.213866198408551E-15},"textAttrs":{"alignment":0.0,"backgroundAlpha":255.0,"backgroundBorder":0.0,"backgroundColor":0.0,"fontFamily":"Roboto","fontIndex":26.0,"gravity":0.0,"isAutoFill":false,"isBold":false,"isRTL":false,"isShowBackground":false,"isStrike":false,"isStroke":false,"isUnderline":false,"letterSpacing":0.0,"lineSpacingMultiplier":1.0,"paddingHeight":0.0,"paddingWidth":0.0,"skewX":0.0,"strokeWidth":1.0,"text":"My Kitchen ","textAlpha":255.0,"textColor":-16777216,"textShaderIndex":-1.0,"textShadowIndex":0.0,"textSize":120.0,"textStyle":0.0}}},{"text":{"itemAttrs":{"canModify":true,"itemID":"461:176","shape":{"figma":{"height":120.0,"left":66.0,"rotation":-0.0,"top":1259.0,"width":913.0}},"textAngle":0.0},"textAttrs":{"alignment":0.0,"backgroundAlpha":255.0,"backgroundBorder":0.0,"backgroundColor":0.0,"fontFamily":"Eczar","fontIndex":26.0,"gravity":0.0,"isAutoFill":false,"isBold":false,"isRTL":false,"isShowBackground":false,"isStrike":false,"isStroke":false,"isUnderline":false,"letterSpacing":0.0,"lineSpacingMultiplier":1.0,"paddingHeight":0.0,"paddingWidth":0.0,"skewX":0.0,"strokeWidth":1.0,"text":"Food is a kind of enjoyment in life, every delicious experience is a moment of happy realization","textAlpha":255.0,"textColor":-16777216,"textShaderIndex":-1.0,"textShadowIndex":0.0,"textSize":34.0,"textStyle":0.0}}}],"width":1080.0}