{"background":{"backgroundImage":{"path":"Bg_Gourmet food 7.png","type":"file"},"blurValue":0.0,"canModifyValue":false,"isBlur":false,"type":"blur"},"frameWidth":0.0,"height":1480.0,"items":[{"sticker":{"itemAttrs":{"canModify":true,"itemID":"Replace_Image 08","shape":{"figma":{"height":390.0,"left":51.0,"rotation":-0.0,"top":80.0,"width":316.0}},"textAngle":0.0},"sticker":{"path":"Replace_Image 08.png","type":"file"}}},{"sticker":{"itemAttrs":{"canModify":true,"itemID":"Replace_Image 07","shape":{"figma":{"height":390.0,"left":51.0,"rotation":-0.0,"top":490.0,"width":316.0}},"textAngle":0.0},"sticker":{"path":"Replace_Image 07.png","type":"file"}}},{"sticker":{"itemAttrs":{"canModify":true,"itemID":"Replace_Image 06","shape":{"figma":{"height":390.0,"left":51.0,"rotation":-0.0,"top":900.0,"width":316.0}},"textAngle":0.0},"sticker":{"path":"Replace_Image 06.png","type":"file"}}},{"sticker":{"itemAttrs":{"canModify":true,"itemID":"Replace_Image 05","shape":{"figma":{"height":390.0,"left":382.0,"rotation":-0.0,"top":80.0,"width":316.0}},"textAngle":0.0},"sticker":{"path":"Replace_Image 05.png","type":"file"}}},{"sticker":{"itemAttrs":{"canModify":true,"itemID":"Replace_Image 04","shape":{"figma":{"height":390.0,"left":382.0,"rotation":-0.0,"top":900.0,"width":316.0}},"textAngle":0.0},"sticker":{"path":"Replace_Image 04.png","type":"file"}}},{"sticker":{"itemAttrs":{"canModify":true,"itemID":"Replace_Image 03","shape":{"figma":{"height":390.0,"left":713.0,"rotation":-0.0,"top":80.0,"width":316.0}},"textAngle":0.0},"sticker":{"path":"Replace_Image 03.png","type":"file"}}},{"sticker":{"itemAttrs":{"canModify":true,"itemID":"Replace_Image 02","shape":{"figma":{"height":390.0,"left":713.0,"rotation":-0.0,"top":490.0,"width":316.0}},"textAngle":0.0},"sticker":{"path":"Replace_Image 02.png","type":"file"}}},{"sticker":{"itemAttrs":{"canModify":true,"itemID":"Replace_Image 01","shape":{"figma":{"height":390.0,"left":713.0,"rotation":-0.0,"top":900.0,"width":316.0}},"textAngle":0.0},"sticker":{"path":"Replace_Image 01.png","type":"file"}}}],"width":1080.0}