{"background":{"backgroundImage":{"path":"Bg_Christmas 4.png","type":"file"},"blurValue":0.0,"canModifyValue":false,"isBlur":false,"type":"blur"},"frameWidth":0.0,"height":1480.0,"items":[{"sticker":{"itemAttrs":{"canModify":false,"itemId":"Fixed_03","shape":{"figma":{"height":996.0,"left":120.0,"rotation":-0.0,"top":92.0,"width":840.0}},"textAngle":0.0},"sticker":{"path":"Fixed_03.png","type":"file"}}},{"sticker":{"itemAttrs":{"canModify":true,"itemId":"Replace_Image01","shape":{"figma":{"height":806.0000069030001,"left":289.12695312499994,"rotation":-7.812462790751791,"top":143.5869140625,"width":624.0000053442582}},"textAngle":0.0},"sticker":{"path":"Replace_Image01.png","type":"file"}}},{"sticker":{"itemAttrs":{"canModify":false,"itemId":"Fixed_02","shape":{"figma":{"height":402.0,"left":431.0,"rotation":-0.0,"top":1078.0,"width":649.0}},"textAngle":0.0},"sticker":{"path":"Fixed_02.png","type":"file"}}},{"sticker":{"itemAttrs":{"canModify":false,"itemId":"Fixed_01","shape":{"figma":{"height":572.0,"left":0.0,"rotation":-0.0,"top":908.0,"width":572.0}},"textAngle":0.0},"sticker":{"path":"Fixed_01.png","type":"file"}}}],"width":1080.0}