{"background":{"backgroundImage":{"path":"Bg_Christmas 1.png","type":"file"},"blurValue":0.0,"canModifyValue":false,"isBlur":false,"type":"blur"},"frameWidth":0.0,"height":1480.0,"items":[{"sticker":{"itemAttrs":{"canModify":true,"itemId":"Replace_Image01","shape":{"figma":{"height":754.0,"left":176.0,"rotation":-0.0,"top":389.0,"width":754.0}},"textAngle":0.0},"sticker":{"path":"Replace_Image01.png","type":"file"}}},{"sticker":{"itemAttrs":{"canModify":false,"itemId":"Fixed_03","shape":{"figma":{"height":394.0,"left":183.0,"rotation":-0.0,"top":0.0,"width":715.0}},"textAngle":0.0},"sticker":{"path":"Fixed_03.png","type":"file"}}},{"sticker":{"itemAttrs":{"canModify":false,"itemId":"Fixed_02","shape":{"figma":{"height":263.0,"left":71.0,"rotation":-0.0,"top":1177.0,"width":939.0}},"textAngle":0.0},"sticker":{"path":"Fixed_02.png","type":"file"}}},{"sticker":{"itemAttrs":{"canModify":false,"itemId":"Fixed_01","shape":{"figma":{"height":261.0,"left":747.0,"rotation":-0.0,"top":258.0,"width":304.0}},"textAngle":0.0},"sticker":{"path":"Fixed_01.png","type":"file"}}},{"sticker":{"itemAttrs":{"canModify":false,"itemId":"Fixed_04","shape":{"figma":{"height":874.0,"left":102.0,"rotation":-0.0,"top":303.0,"width":876.0}},"textAngle":0.0},"sticker":{"path":"Fixed_04.png","type":"file"}}}],"width":1080.0}