{"background":{"backgroundImage":{"path":"Bg_Christmas 14.png","type":"file"},"blurValue":0.0,"canModifyValue":false,"isBlur":false,"type":"blur"},"frameWidth":0.0,"height":1480.0,"items":[{"sticker":{"itemAttrs":{"canModify":true,"itemId":"Replace_Image 1","shape":{"figma":{"height":961.0,"left":270.0,"rotation":-0.0,"top":297.0,"width":541.0}},"textAngle":0.0},"sticker":{"path":"Replace_Image 1.png","type":"file"}}},{"sticker":{"itemAttrs":{"canModify":false,"itemId":"Fixed_ 3","shape":{"figma":{"height":1406.0,"left":147.0,"rotation":-0.0,"top":35.0,"width":787.0}},"textAngle":0.0},"sticker":{"path":"Fixed_ 3.png","type":"file"}}},{"sticker":{"itemAttrs":{"canModify":false,"itemId":"Fixed_ 2","shape":{"figma":{"height":924.0,"left":0.0,"rotation":-0.0,"top":556.0,"width":555.0}},"textAngle":0.0},"sticker":{"path":"Fixed_ 2.png","type":"file"}}},{"sticker":{"itemAttrs":{"canModify":false,"itemId":"Fixed_ 1","shape":{"figma":{"height":446.0,"left":634.0,"rotation":-0.0,"top":0.0,"width":446.0}},"textAngle":0.0},"sticker":{"path":"Fixed_ 1.png","type":"file"}}}],"width":1080.0}