{"background":{"backgroundImage":{"path":"Bg_Family 10.png","type":"file"},"blurValue":0.0,"canModifyValue":false,"isBlur":false,"type":"blur"},"frameWidth":0.0,"height":1480.0,"items":[{"sticker":{"itemAttrs":{"canModify":true,"itemID":"Replace_Image 03","shape":{"figma":{"height":600.0,"left":550.0,"rotation":-0.0,"top":751.0,"width":476.0}},"textAngle":0.0},"sticker":{"path":"Replace_Image 03.png","type":"file"}}},{"sticker":{"itemAttrs":{"canModify":true,"itemID":"Replace_Image 02","shape":{"figma":{"height":600.0,"left":550.0,"rotation":-0.0,"top":129.0,"width":476.0}},"textAngle":0.0},"sticker":{"path":"Replace_Image 02.png","type":"file"}}},{"sticker":{"itemAttrs":{"canModify":true,"itemID":"Replace_Image 01","shape":{"figma":{"height":600.0,"left":55.0,"rotation":-0.0,"top":129.0,"width":476.0}},"textAngle":0.0},"sticker":{"path":"Replace_Image 01.png","type":"file"}}},{"text":{"itemAttrs":{"canModify":true,"itemID":"461:346","shape":{"figma":{"height":396.0,"left":114.0,"rotation":9.213866198408551E-15,"top":804.0,"width":356.99999999999994}},"textAngle":-9.213866198408551E-15},"textAttrs":{"alignment":0.0,"backgroundAlpha":255.0,"backgroundBorder":0.0,"backgroundColor":0.0,"fontFamily":"Ibarra Real Nova","fontIndex":26.0,"gravity":0.0,"isAutoFill":false,"isBold":false,"isRTL":false,"isShowBackground":false,"isStrike":false,"isStroke":false,"isUnderline":false,"letterSpacing":0.0,"lineSpacingMultiplier":1.0,"paddingHeight":0.0,"paddingWidth":0.0,"skewX":0.0,"strokeWidth":1.0,"text":"The home of love","textAlpha":255.0,"textColor":-16777216,"textShaderIndex":-1.0,"textShadowIndex":0.0,"textSize":79.0,"textStyle":0.0}}},{"sticker":{"itemAttrs":{"canModify":false,"itemID":"Fixed_ 01","shape":{"figma":{"height":73.0,"left":251.0,"rotation":-0.0,"top":1224.0,"width":83.0}},"textAngle":0.0},"sticker":{"path":"Fixed_ 01.png","type":"file"}}}],"width":1080.0}