{"background":{"backgroundImage":{"path":"Bg_Christmas 9.png","type":"file"},"blurValue":0.0,"canModifyValue":false,"isBlur":false,"type":"blur"},"frameWidth":0.0,"height":1480.0,"items":[{"sticker":{"itemAttrs":{"canModify":true,"itemId":"Replace_Image01","shape":{"figma":{"height":680.0,"left":200.0,"rotation":-0.0,"top":437.0,"width":680.0}},"textAngle":0.0},"sticker":{"path":"Replace_Image01.png","type":"file"}}},{"sticker":{"itemAttrs":{"canModify":false,"itemId":"Fixed_01","shape":{"figma":{"height":880.0,"left":100.0,"rotation":-0.0,"top":337.0,"width":880.0}},"textAngle":0.0},"sticker":{"path":"Fixed_01.png","type":"file"}}}],"width":1080.0}