{"background":{"backgroundImage":{"path":"Bg_Halloween 1.png","type":"file"},"blurValue":0.0,"canModifyValue":false,"isBlur":false,"type":"blur"},"frameWidth":0.0,"height":1480.0,"items":[{"sticker":{"itemAttrs":{"canModify":true,"itemID":"1_photo 1","shape":{"figma":{"height":1104.0,"left":141.0,"rotation":0.0,"top":256.0,"width":791.0}},"textAngle":0.0},"sticker":{"path":"1_photo 1.png","type":"file"}}},{"sticker":{"itemAttrs":{"canModify":false,"itemID":"Frame 1","shape":{"figma":{"height":1480.0,"left":0.0,"rotation":0.0,"top":0.0,"width":1080.0}},"textAngle":0.0},"sticker":{"path":"Frame 1.png","type":"file"}}}],"width":1080.0}