{"background":{"backgroundImage":{"path":"Bg_Christmas 8.png","type":"file"},"blurValue":0.0,"canModifyValue":false,"isBlur":false,"type":"blur"},"frameWidth":0.0,"height":1480.0,"items":[{"sticker":{"itemAttrs":{"canModify":true,"itemId":"Replace_Image04","shape":{"figma":{"height":429.0,"left":103.0,"rotation":-0.0,"top":487.0,"width":429.0}},"textAngle":0.0},"sticker":{"path":"Replace_Image04.png","type":"file"}}},{"sticker":{"itemAttrs":{"canModify":true,"itemId":"Replace_Image03","shape":{"figma":{"height":430.0,"left":103.0,"rotation":-0.0,"top":931.0,"width":429.0}},"textAngle":0.0},"sticker":{"path":"Replace_Image03.png","type":"file"}}},{"sticker":{"itemAttrs":{"canModify":true,"itemId":"Replace_Image02","shape":{"figma":{"height":429.0,"left":549.0,"rotation":-0.0,"top":487.0,"width":428.0}},"textAngle":0.0},"sticker":{"path":"Replace_Image02.png","type":"file"}}},{"sticker":{"itemAttrs":{"canModify":true,"itemId":"Replace_Image01","shape":{"figma":{"height":430.0,"left":549.0,"rotation":-0.0,"top":931.0,"width":428.0}},"textAngle":0.0},"sticker":{"path":"Replace_Image01.png","type":"file"}}}],"width":1080.0}